column,min,max
installment_per_month,27.805579369859345,1115.1240034756695
funded_amount_log_transformation,6.90875477931522,10.596659732783579
